,ENTERTAINMENTRATING,FOODRATING,GROUNDSERVICERATING,OVERALLSCORE,SEATCOMFORTRATING,SERVICERATING,PURPOSE,VALUERATING,WIFIRATING,LONGDISTANCE,YEAR,AIRLINE
0,0.0,2.0,2.0,3.67,2.67,2.67,1.0,2.33,0.0,0.0,2019.0,AB Aviation
1,3.34,3.86,4.26,8.14,4.01,4.5,0.89,4.21,1.17,0.85,2017.69,ANA All Nippon Airways
2,0.59,1.35,1.59,2.29,1.82,1.65,0.76,1.35,0.24,0.35,2020.0,ASKY Airlines
3,0.0,1.5,1.5,1.5,1.0,1.5,0.5,2.0,0.0,0.0,2016.5,ATA Airlines
4,0.82,1.46,3.05,4.77,3.13,3.1,0.74,2.62,0.49,0.38,2016.85,Adria Airways
5,1.03,3.24,3.42,6.65,3.43,3.93,0.81,3.5,0.42,0.37,2018.21,Aegean Airlines
6,1.44,1.86,2.5,4.22,2.6,2.85,0.84,2.61,0.72,0.53,2018.43,Aer Lingus
7,0.0,0.0,4.33,8.67,4.0,3.67,1.0,3.67,0.0,0.0,2018.33,Aero VIP
8,0.0,1.0,1.0,2.0,1.0,3.0,0.0,1.0,0.0,0.0,2023.0,AeroItalia
9,2.04,2.81,2.68,5.34,3.0,3.23,0.8,3.22,0.58,0.61,2017.64,Aeroflot Russian Airlines
10,1.16,1.87,2.28,3.97,2.37,2.59,0.81,2.4,0.47,0.53,2018.01,Aerolineas Argentinas
11,0.33,2.11,1.89,2.56,2.22,2.11,0.89,1.56,0.33,0.33,2017.11,Aeromar
12,1.66,1.84,2.01,3.37,2.27,2.39,0.84,2.2,0.58,0.68,2018.17,Aeromexico
13,0.44,2.11,1.44,2.67,2.0,2.78,0.67,1.78,0.11,0.33,2019.67,Africa World Airlines
14,0.38,0.38,1.62,2.0,1.62,1.38,0.88,1.5,0.0,0.12,2018.0,Aigle Azur
15,0.73,2.8,2.13,4.13,2.53,2.8,0.73,2.53,0.4,0.33,2017.47,Air Algerie
16,0.33,0.33,2.33,4.0,2.33,2.33,1.0,2.33,0.33,0.33,2020.0,Air Antilles
17,0.57,0.98,1.46,2.3,1.82,1.81,0.88,1.78,0.52,0.38,2019.47,Air Arabia
18,2.93,3.68,3.62,7.42,3.85,4.1,0.58,3.66,0.76,0.76,2017.81,Air Astana
19,1.71,2.24,2.41,4.06,2.59,2.82,0.88,2.24,0.65,0.65,2018.06,Air Austral
20,1.58,2.13,2.51,4.45,2.64,3.03,0.72,2.76,0.57,0.54,2016.17,Air Berlin
21,0.5,3.25,1.75,3.25,3.5,3.25,0.5,2.25,0.25,0.25,2018.5,Air Botswana
22,0.0,3.5,2.5,5.5,3.5,4.0,1.0,3.5,0.0,0.0,2018.5,Air Burkina
23,0.22,1.33,3.78,7.56,3.67,3.89,1.0,4.11,0.56,0.11,2017.33,Air Busan
24,0.55,2.0,2.18,3.73,2.27,2.55,0.91,2.64,0.27,0.36,2019.73,Air Cairo
25,2.01,1.8,2.14,3.44,2.37,2.56,0.83,2.15,0.65,0.71,2019.0,Air Canada
26,1.42,1.86,2.61,3.67,2.04,2.8,0.94,2.2,1.06,0.73,2017.09,Air Canada rouge
27,1.21,1.79,1.5,2.86,1.64,1.79,0.93,1.79,0.14,0.57,2018.07,Air Caraibes
28,1.74,2.08,2.14,3.75,2.47,2.53,0.85,2.69,0.28,0.85,2017.12,Air China
29,0.14,2.0,3.29,6.14,2.86,3.43,0.86,3.43,0.14,0.14,2018.0,Air Corsica
30,0.0,3.0,4.0,8.0,5.0,4.0,1.0,5.0,0.0,0.0,2015.0,Air Costa
31,1.0,1.0,1.0,1.0,2.0,1.0,0.0,1.0,0.0,1.0,2021.0,Air Cote d'Ivoire
32,1.5,1.0,4.0,6.5,4.0,4.0,1.0,3.0,0.0,0.5,2021.0,Air Djibouti
33,1.08,2.53,2.92,5.69,3.06,3.47,0.69,2.94,0.92,0.36,2019.14,Air Dolomiti
34,1.26,1.41,1.93,3.08,2.09,2.2,0.86,2.07,0.51,0.63,2018.32,Air Europa
35,2.16,2.74,2.78,5.09,2.88,3.26,0.8,2.86,0.67,0.67,2018.21,Air France
36,1.5,2.0,1.5,2.75,1.62,2.12,1.0,1.5,0.25,0.75,2018.75,Air Greenland
37,0.0,2.5,4.5,10.0,5.0,5.0,1.0,4.5,0.0,0.0,2018.0,Air Iceland Connect
38,1.3,2.24,2.39,3.74,2.51,2.55,0.86,2.44,0.45,0.67,2019.12,Air India
39,0.37,1.56,2.02,3.22,1.86,2.15,0.95,2.22,0.27,0.27,2019.24,Air India Express
40,1.48,2.87,2.84,4.71,2.77,2.84,0.94,2.84,0.58,0.58,2018.61,Air Italy
41,0.0,0.0,1.09,1.35,1.04,0.74,0.87,1.17,0.0,0.0,2018.57,Air Juan
42,0.0,3.0,4.11,8.44,3.67,3.89,0.89,4.33,0.0,0.0,2016.89,Air KBZ
43,1.36,3.43,3.86,7.14,3.71,4.0,0.57,3.64,0.07,0.5,2016.43,Air Koryo
44,0.64,2.09,2.09,3.73,2.36,2.45,0.82,2.55,0.18,0.64,2016.64,Air Macau
45,0.27,1.0,1.87,2.67,1.87,2.07,0.87,1.67,0.13,0.27,2017.0,Air Madagascar
46,0.54,1.35,1.93,3.19,2.17,2.04,0.9,2.09,0.28,0.4,2018.22,Air Malta
47,1.98,2.62,2.89,4.89,2.52,3.18,0.94,2.74,0.45,0.84,2017.78,Air Mauritius
48,0.41,1.45,1.86,3.55,1.68,1.91,1.0,2.27,0.36,0.23,2018.45,Air Moldova
49,1.11,2.57,2.57,4.74,2.77,2.94,0.83,2.83,0.14,0.43,2017.37,Air Namibia
50,2.4,2.38,2.75,4.89,2.81,3.08,0.85,2.71,0.66,0.73,2018.47,Air New Zealand
51,1.92,2.31,2.39,4.22,2.61,3.0,0.56,2.28,0.33,0.69,2017.83,Air Niugini
52,0.0,4.5,4.5,7.5,3.5,4.5,1.0,3.5,0.0,0.0,2016.5,Air North Yukon's Airline
53,0.24,1.29,3.19,5.95,3.33,3.19,0.81,3.57,0.19,0.14,2017.38,Air Nostrum
54,0.0,1.5,2.36,3.93,2.14,2.57,1.0,2.43,0.0,0.0,2019.07,Air Panama
55,0.0,0.0,2.5,4.0,2.5,2.25,1.0,2.75,0.0,0.0,2017.25,Air Pegasus
56,0.0,4.5,5.0,10.0,5.0,5.0,1.0,4.5,0.0,0.0,2018.5,Air Rarotonga
57,0.73,2.13,2.33,4.1,2.62,2.9,0.82,2.48,0.83,0.43,2018.2,Air Serbia
58,1.44,1.65,1.71,2.68,1.94,2.03,0.91,1.88,0.79,0.74,2018.24,Air Seychelles
59,1.63,1.88,2.16,3.51,2.04,2.47,0.94,2.16,0.53,0.78,2018.14,Air Tahiti Nui
60,0.59,1.47,1.41,2.29,2.24,2.35,0.94,1.59,0.18,0.35,2021.65,Air Tanzania
61,2.08,1.97,2.4,3.92,2.36,2.83,0.94,2.48,0.66,0.75,2017.94,Air Transat
62,0.45,1.18,1.55,2.59,1.95,1.82,0.95,1.82,0.27,0.32,2019.27,Air Vanuatu
63,1.0,2.8,2.4,4.6,2.4,3.2,1.0,2.0,0.4,0.6,2016.6,Air Zimbabwe
64,0.23,1.17,2.23,3.87,2.18,2.51,0.92,2.65,0.21,0.18,2018.54,AirAsia
65,0.26,1.13,2.24,3.97,2.3,2.56,0.84,2.42,0.16,0.16,2019.63,AirAsia India
66,0.1,0.62,1.57,2.78,1.88,2.11,0.89,2.15,0.1,0.1,2019.35,AirAsia Philippines
67,0.44,2.33,2.89,5.57,2.76,3.09,0.94,3.45,0.14,0.24,2017.72,AirAsia X
68,0.0,0.5,3.0,5.83,3.5,3.83,1.0,3.67,0.0,0.0,2015.17,AirAsia Zest
69,0.0,0.0,4.5,8.5,3.5,4.5,1.0,4.0,0.0,0.0,2019.0,AirSWIFT
70,1.67,2.89,3.06,6.06,2.94,3.5,0.94,3.5,1.17,0.5,2017.44,Aircalin
71,0.26,2.42,2.65,5.42,2.91,3.19,0.84,2.93,0.14,0.16,2020.91,Airlink
72,0.0,2.13,3.07,5.33,3.0,3.33,0.73,2.73,0.0,0.0,2018.93,Airnorth
73,0.64,1.48,3.33,6.09,3.36,3.61,0.73,3.42,0.58,0.33,2022.64,Akasa Air
74,1.35,1.72,2.23,3.76,2.39,2.54,0.83,2.27,1.25,0.54,2019.18,Alaska Airlines
75,1.3,2.18,2.45,4.2,2.62,2.56,0.85,2.61,0.41,0.54,2017.04,Alitalia
76,0.34,0.77,1.65,2.29,1.64,1.93,0.94,1.78,0.33,0.29,2018.79,Allegiant Air
77,0.24,0.48,1.67,2.95,1.95,1.62,0.67,2.0,0.24,0.24,2022.24,Alliance Air
78,0.4,0.8,1.6,2.2,1.2,2.2,0.8,1.6,0.2,0.4,2020.4,Alliance Airlines
79,0.44,0.75,2.19,3.5,2.44,2.38,0.88,2.31,0.19,0.19,2017.31,Amaszonas
80,1.21,1.3,1.65,2.3,1.91,2.08,0.81,1.66,0.9,0.61,2019.01,American Airlines
81,0.47,1.6,2.24,3.4,2.32,2.73,0.73,2.18,0.68,0.33,2018.04,American Eagle
82,0.47,2.12,2.35,4.0,2.18,3.0,0.88,2.71,0.24,0.41,2020.0,AnadoluJet
83,0.0,0.0,0.75,1.0,0.5,0.5,1.0,1.0,0.0,0.0,2018.5,Andes Líneas Aéreas
84,0.0,3.0,3.0,6.0,3.0,4.0,1.0,5.0,0.0,0.0,2015.0,Ariana Afghan Airlines
85,0.83,1.3,1.35,1.96,1.96,2.04,0.43,1.52,0.3,0.57,2017.61,Arik Air
86,1.0,1.0,1.0,1.0,1.0,2.0,1.0,2.0,1.0,1.0,2015.0,Arkefly
87,0.4,1.0,2.07,2.93,1.67,1.87,0.87,1.93,0.27,0.27,2018.53,Arkia Israeli Airlines
88,0.0,0.0,0.5,1.0,0.0,0.0,1.0,1.0,0.0,0.0,2022.0,Armenia Air Company
89,2.81,3.67,3.84,7.24,3.72,4.1,0.8,3.96,0.67,0.85,2017.58,Asiana Airlines
90,1.2,4.4,4.6,9.0,4.6,4.8,1.0,4.2,0.4,0.6,2016.0,Atlantic Airways
91,0.41,2.52,2.22,4.74,2.67,2.63,0.89,2.85,0.11,0.24,2016.93,Atlasglobal
92,0.0,0.0,5.0,10.0,3.0,5.0,1.0,5.0,0.0,0.0,2020.0,Auric Air
93,0.06,1.61,2.44,4.17,2.78,3.22,0.94,2.61,0.0,0.06,2016.61,Aurigny Air
94,1.26,2.33,2.51,4.47,2.69,2.99,0.81,2.6,0.36,0.46,2018.52,Austrian Airlines
95,0.21,0.36,1.84,3.13,2.13,2.29,0.93,2.17,0.17,0.14,2022.51,Avelo Airlines
96,1.4,1.32,1.74,2.62,1.92,1.94,0.83,1.82,0.49,0.63,2019.74,Avianca
97,2.55,2.85,2.9,5.6,3.35,3.55,0.95,3.05,0.05,0.65,2017.15,Avianca Brazil
98,0.75,1.44,1.31,1.5,1.81,1.88,0.94,1.12,0.38,0.38,2020.19,Avianca Ecuador
99,0.75,1.5,1.25,2.5,3.0,2.5,0.75,2.5,0.75,0.75,2017.75,Avior Airlines
100,2.6,3.5,3.58,6.9,3.58,3.55,0.75,3.9,0.28,0.78,2017.18,Azerbaijan Airlines
101,2.16,2.23,2.49,4.74,2.86,3.0,0.84,2.58,0.63,0.67,2018.44,Azul Airlines
102,0.5,1.5,1.0,1.0,1.0,1.5,1.0,1.0,0.5,0.5,2018.0,Azur Air Germany
103,0.0,3.74,3.97,8.29,4.43,4.31,0.66,4.11,0.03,0.0,2017.49,BA CityFlyer
104,0.2,1.8,2.4,3.4,2.8,2.4,1.0,2.4,0.2,0.2,2018.8,BH Air
105,0.0,5.0,2.0,8.0,3.0,5.0,0.0,4.0,0.0,0.0,2017.0,Badr Airlines
106,0.38,0.78,1.62,2.62,2.05,1.9,0.92,1.48,0.38,0.25,2017.92,Bahamasair
107,1.09,2.24,2.41,4.88,2.85,3.06,0.82,2.85,0.74,0.41,2020.82,Bamboo Airways
108,0.52,3.29,3.62,6.81,3.4,3.98,0.84,3.61,0.12,0.23,2017.64,Bangkok Airways
109,0.0,4.0,4.22,7.67,4.22,4.44,0.89,4.33,0.0,0.0,2016.56,Bassaka Air
110,1.92,2.11,2.71,4.79,3.06,2.96,0.85,2.9,0.21,0.72,2019.16,Batik Air
111,2.0,1.75,2.0,5.25,3.0,3.75,0.75,3.5,0.0,0.75,2016.0,Beijing Capital Airlines
112,0.53,2.43,2.8,5.17,2.83,3.17,0.73,3.03,0.3,0.33,2017.73,Belavia
113,1.33,2.0,1.33,4.0,2.33,2.33,0.67,2.33,0.0,0.33,2018.67,Bhutan Airlines
114,1.68,3.2,3.25,6.27,3.47,3.42,0.81,3.58,0.34,0.66,2018.58,Biman Bangladesh Airlines
115,0.0,2.5,2.67,5.5,2.33,2.83,1.0,3.17,0.83,0.0,2018.5,Binter Canarias
116,0.67,0.67,1.0,1.33,1.0,1.0,0.67,1.33,0.67,0.67,2016.0,Blu-express
117,0.31,1.31,1.85,3.13,1.95,2.18,0.87,2.14,0.25,0.22,2018.91,Blue Air
118,0.09,0.82,1.91,2.09,2.36,2.82,0.64,1.18,0.09,0.09,2016.18,Blue Islands
119,0.29,0.65,1.26,1.39,1.71,2.0,0.94,1.48,0.19,0.26,2017.71,Blue Panorama Airlines
120,0.0,1.0,1.0,1.0,1.0,1.0,1.0,1.0,0.0,0.0,2015.0,Blue1
121,0.0,0.0,1.17,1.0,0.83,1.5,1.0,1.33,0.0,0.0,2022.33,Bluebird Airways
122,0.75,2.85,2.6,5.25,3.0,3.2,0.85,3.3,0.5,0.4,2017.5,Boliviana de Aviacion
123,0.0,3.0,1.0,1.0,3.0,3.0,1.0,1.0,0.0,0.0,2016.0,BoraJet
124,0.26,0.84,1.89,2.95,2.21,1.95,0.87,2.0,0.26,0.16,2020.76,Boutique Air
125,0.51,0.88,1.79,2.57,2.25,2.4,0.89,2.09,0.56,0.34,2022.43,Breeze Airways
126,1.64,2.29,2.77,4.48,2.7,3.06,0.78,2.56,0.39,0.62,2017.62,British Airways
127,0.8,1.54,2.21,3.52,2.49,2.67,0.72,2.24,0.2,0.38,2017.9,Brussels Airlines
128,0.17,0.83,2.08,3.75,2.17,2.83,0.92,2.42,0.17,0.17,2019.67,Buddha Air
129,0.33,2.42,2.6,4.91,2.58,2.84,0.79,3.12,0.18,0.25,2017.75,Bulgaria Air
130,0.11,2.22,2.22,3.56,3.0,2.33,0.78,2.44,0.11,0.11,2019.22,Buta Airways
131,0.59,1.27,1.92,3.04,2.16,2.33,0.74,2.06,0.36,0.36,2017.91,CSA Czech Airlines
132,0.0,1.0,1.0,1.0,1.5,2.0,1.0,2.0,0.0,0.0,2017.0,Camair-Co
133,0.0,1.0,2.0,4.0,1.5,2.0,1.0,2.5,0.0,0.0,2020.5,Cambodia Airways
134,0.12,0.82,2.17,3.47,1.95,2.1,0.98,2.2,0.08,0.1,2017.48,Cambodia Angkor Air
135,0.0,2.0,3.0,3.0,3.0,4.0,1.0,4.0,0.0,0.0,2017.0,Cambodia Bayon Airlines
136,0.0,3.67,3.33,6.67,4.0,3.67,1.0,3.33,0.0,0.0,2017.0,Canadian North
137,0.0,2.0,3.0,5.0,2.67,3.33,1.0,3.67,0.0,0.0,2018.67,Canaryfly
138,0.05,0.1,1.75,1.8,1.4,1.5,0.75,1.35,0.05,0.05,2020.1,Cape Air
139,1.2,1.91,2.05,3.67,2.0,2.33,0.85,2.24,0.42,0.56,2017.98,Caribbean Airlines
140,3.5,3.6,3.85,7.27,3.85,4.05,0.85,3.77,0.42,0.92,2018.1,Cathay Dragon
141,3.53,3.16,3.54,6.44,3.59,3.63,0.83,3.46,0.65,0.92,2017.4,Cathay Pacific Airways
142,0.29,1.29,1.71,2.07,1.86,2.29,1.0,1.57,0.14,0.29,2018.71,Cayman Airways
143,0.3,0.72,1.94,3.17,1.93,2.26,0.91,2.3,0.24,0.25,2018.78,Cebu Pacific
144,0.5,2.0,2.5,4.0,2.5,2.5,1.0,2.5,0.5,0.5,2022.5,CemAir
145,0.29,0.86,2.14,3.29,1.71,2.14,0.57,1.43,0.29,0.29,2018.14,Central Mountain Air
146,2.94,3.14,3.21,6.11,3.35,3.66,0.9,3.6,0.81,0.87,2017.74,China Airlines
147,2.01,2.26,2.32,4.06,2.77,2.63,0.79,2.86,0.49,0.83,2017.16,China Eastern Airlines
148,3.36,3.94,4.2,8.09,4.1,4.58,0.79,4.37,0.35,0.87,2017.37,China Southern Airlines
149,0.5,0.75,2.75,3.25,2.75,2.0,0.75,3.25,0.25,0.5,2018.25,China United Airlines
150,0.05,0.88,3.1,6.29,2.88,3.41,0.85,3.63,0.08,0.05,2018.05,Citilink
151,0.21,2.48,2.76,4.88,2.64,3.18,0.61,2.42,0.12,0.18,2016.58,CityJet
152,0.0,0.25,4.0,8.25,3.75,3.5,1.0,4.5,0.0,0.0,2019.0,Coastal Aviation
153,0.39,2.0,3.33,5.72,3.5,3.67,0.83,3.61,0.44,0.22,2017.0,Cobalt
154,0.13,2.48,2.61,4.87,3.03,3.06,0.68,3.03,0.03,0.06,2017.19,Comair
155,1.42,1.83,1.96,2.8,2.0,2.48,0.89,2.05,0.44,0.78,2018.31,Condor Airlines
156,1.23,1.66,1.84,3.09,2.07,2.31,0.84,2.0,0.41,0.63,2019.39,Copa Airlines
157,0.38,0.88,1.95,3.2,2.1,2.05,0.95,2.38,0.18,0.25,2020.02,Corendon Airlines
158,2.05,2.55,2.85,4.65,2.75,3.25,0.95,2.9,0.8,0.9,2018.75,Corsair
159,0.62,2.33,2.62,4.75,2.85,3.0,0.78,2.72,0.15,0.35,2017.58,Croatia Airlines
160,0.3,1.45,1.58,2.25,1.92,2.02,0.92,1.8,0.15,0.25,2016.35,Cubana Airlines
161,0.2,0.3,1.3,2.6,1.6,2.0,0.9,1.9,0.2,0.2,2019.4,Cyprus Airways
162,0.0,2.5,2.5,5.0,2.5,3.5,0.5,2.5,0.0,0.0,2017.0,Danish Air Transport
163,0.25,1.75,3.5,5.0,3.5,4.0,1.0,3.0,0.0,0.25,2016.0,Darwin Airline
164,1.92,1.92,2.28,3.62,2.46,2.73,0.81,2.25,1.26,0.66,2019.03,Delta Air Lines
165,0.0,0.0,5.0,7.0,3.0,3.0,1.0,5.0,0.0,0.0,2019.0,Dimonim Air
166,2.5,3.2,3.77,6.8,3.57,3.61,0.82,3.86,0.25,0.73,2015.8,Dragonair
167,0.25,4.25,4.0,8.25,4.5,4.75,1.0,3.5,0.0,0.25,2016.0,Druk Air
168,0.0,0.0,2.0,1.0,2.0,2.0,1.0,1.0,0.0,0.0,2016.0,Dynamic International Airways
169,3.44,3.8,3.95,7.66,3.97,4.2,0.83,4.1,1.21,0.89,2017.8,EVA Air
170,0.0,0.0,1.0,1.0,3.0,1.0,1.0,1.0,0.0,0.0,2019.0,EWA Air
171,0.08,0.42,2.42,4.25,2.33,2.5,1.0,3.0,0.08,0.08,2017.0,Eastar Jet
172,0.0,0.0,1.0,1.0,0.5,0.5,1.0,1.0,0.0,0.0,2021.5,Eastern Airlines
173,0.16,2.32,2.58,4.05,2.37,3.53,0.37,2.37,0.05,0.16,2016.74,Eastern Airways
174,0.0,1.33,3.0,5.0,2.83,2.83,0.83,3.17,0.0,0.0,2017.33,Easyfly
175,2.45,3.13,3.02,5.45,2.94,3.56,0.9,3.02,0.42,0.73,2018.45,Edelweiss Air
176,1.55,2.25,2.24,3.97,2.59,2.56,0.81,2.51,0.35,0.67,2018.93,Egyptair
177,1.88,2.57,2.46,4.26,2.48,2.89,0.69,2.45,1.01,0.82,2018.23,El Al Israel Airlines
178,0.57,3.0,3.71,7.5,3.64,4.36,1.0,3.86,0.07,0.21,2017.14,Ellinair
179,3.47,2.86,2.92,5.1,3.2,2.94,0.83,2.96,1.75,0.91,2017.76,Emirates
180,0.0,0.0,2.0,3.25,1.75,1.75,1.0,2.0,0.0,0.0,2019.25,Ernest Airlines
181,0.0,3.33,3.67,7.33,4.0,4.0,0.67,4.0,0.0,0.0,2015.0,Estonian Air
182,2.01,2.43,2.31,4.36,2.65,2.86,0.76,2.83,0.39,0.77,2018.38,Ethiopian Airlines
183,2.49,2.22,2.27,3.71,2.5,2.53,0.83,2.37,0.97,0.87,2017.86,Etihad Airways
184,0.47,1.06,1.81,2.79,2.2,2.17,0.75,2.0,0.36,0.32,2018.65,Eurowings
185,1.83,2.0,1.83,2.67,1.67,2.17,1.0,2.5,0.67,1.0,2018.0,Evelop Airlines
186,0.25,0.5,1.5,1.12,2.0,1.75,0.75,1.5,0.25,0.25,2022.12,FLYONE
187,0.0,4.5,5.0,10.0,3.5,5.0,0.0,4.5,0.0,0.0,2017.0,FMI Air
188,0.0,0.5,2.5,2.5,1.0,3.0,0.5,3.0,0.0,0.0,2017.0,Far Eastern Air Transport
189,0.0,0.0,5.0,8.0,4.0,4.0,0.0,5.0,0.0,0.0,2014.0,Felix Airways
190,2.02,2.39,2.62,4.8,2.69,3.14,0.88,2.83,0.26,0.73,2017.61,Fiji Airways
191,1.97,2.31,2.66,4.74,2.84,3.15,0.81,2.78,0.94,0.7,2018.14,Finnair
192,0.13,2.45,3.32,6.61,3.0,3.65,0.77,3.52,0.03,0.06,2017.71,Firefly
193,0.31,0.54,1.71,2.67,1.69,1.95,0.89,1.9,0.29,0.26,2020.37,Flair Airlines
194,0.08,1.38,1.46,2.31,1.46,1.69,0.69,2.15,0.08,0.08,2018.15,Fly540.com
195,0.0,1.5,3.5,6.67,3.83,4.17,1.0,3.83,0.0,0.0,2019.5,FlyArystan
196,0.24,0.92,2.57,4.3,2.48,2.79,0.85,2.65,0.22,0.19,2019.81,FlySafair
197,0.47,0.69,1.62,1.82,1.44,1.56,0.76,1.58,0.29,0.29,2019.76,Flynas
198,0.59,1.77,3.09,5.36,3.18,3.41,1.0,3.0,0.23,0.32,2017.23,Freebird Airlines
199,1.94,1.71,2.0,3.29,2.26,2.32,0.97,2.26,0.98,0.68,2021.03,French Bee
200,0.37,0.59,1.32,1.63,1.31,1.61,0.9,1.41,0.35,0.35,2019.7,Frontier Airlines
201,2.6,3.85,3.97,7.92,4.17,4.44,0.78,4.17,1.21,0.71,2017.49,Garuda Indonesia
202,0.4,0.94,1.54,2.37,1.71,1.66,0.89,1.57,0.37,0.4,2019.11,Georgian Airways
203,1.83,2.39,2.44,5.33,2.56,3.06,0.83,3.28,0.17,0.61,2016.72,Germania Airline
204,0.34,1.76,2.72,5.14,3.0,3.03,0.66,3.03,0.14,0.31,2015.45,Germanwings
205,0.41,0.57,1.24,1.7,1.27,1.34,0.87,1.34,0.37,0.37,2022.1,Go First
206,0.23,0.54,1.25,1.99,1.21,1.32,0.88,1.47,0.19,0.21,2019.13,GoAir
207,0.61,1.73,2.41,3.95,2.59,2.83,0.83,2.66,0.73,0.34,2018.12,Gol Transportes Aéreos
208,0.0,4.0,4.33,9.0,4.0,5.0,1.0,4.67,0.0,0.0,2018.33,Golden Myanmar Airlines
209,0.0,5.0,5.0,10.0,5.0,5.0,1.0,5.0,0.0,0.0,2016.0,Grand Cru Airlines
210,0.25,1.25,1.75,3.0,2.25,1.75,1.0,2.0,0.25,0.25,2022.75,Greater Bay Airlines
211,2.13,2.59,2.67,4.82,3.08,2.95,0.81,2.92,0.47,0.8,2018.85,Gulf Air
212,0.71,1.02,2.44,4.04,2.42,2.62,0.96,2.77,0.17,0.27,2018.33,HK Express
213,0.15,3.08,3.0,5.92,2.92,4.08,0.77,3.08,0.0,0.08,2016.38,HOP!
214,3.77,4.32,4.19,8.57,4.34,4.71,0.69,4.54,0.57,0.88,2017.46,Hainan Airlines
215,1.61,1.95,2.28,3.61,2.49,2.68,0.92,2.29,0.71,0.7,2019.1,Hawaiian Airlines
216,0.19,2.75,3.25,5.88,3.0,3.44,0.88,3.12,0.06,0.19,2017.56,Helvetic Airways
217,2.05,3.0,3.09,6.05,3.23,3.32,1.0,3.18,0.32,0.73,2017.64,Hi Fly
218,1.0,0.5,1.0,1.0,1.0,2.0,1.0,1.0,0.5,1.0,2022.0,HiSky
219,0.0,0.0,0.0,1.0,0.0,0.0,1.0,1.0,0.0,0.0,2021.0,Himalaya Airlines
220,2.25,2.64,2.94,5.56,3.11,3.28,0.91,3.45,0.4,0.73,2017.69,Hong Kong Airlines
221,0.29,2.0,3.43,6.29,2.57,3.57,0.71,3.29,0.29,0.29,2018.29,Horizon Air
222,0.0,4.0,4.0,9.0,5.0,5.0,1.0,4.0,0.0,0.0,2019.0,Hunnu Air
223,0.74,1.17,1.58,2.16,1.53,1.79,0.81,1.61,0.44,0.45,2022.14,ITA Airways
224,1.75,1.83,2.17,3.56,2.4,2.42,0.83,2.35,0.75,0.58,2018.46,Iberia
225,0.69,1.0,2.15,3.51,1.78,2.46,0.82,2.18,0.87,0.31,2018.54,Iberia Express
226,2.19,1.77,2.17,3.75,2.52,2.81,0.92,2.47,1.06,0.79,2018.2,Icelandair
227,0.44,1.55,3.05,5.56,2.89,3.27,0.81,3.21,0.26,0.22,2019.16,IndiGo
228,0.48,0.74,1.26,1.85,1.61,1.8,0.87,1.5,0.11,0.2,2016.26,Insel Air
229,0.86,0.14,1.57,2.29,2.14,2.43,1.0,1.43,0.14,0.29,2020.57,Intercaribbean Airways
230,0.47,1.02,1.32,2.08,1.6,1.6,0.94,1.6,0.24,0.33,2018.76,Interjet
231,2.0,3.43,3.21,6.21,3.36,3.57,1.0,3.43,0.29,0.79,2017.64,Iran Air
232,0.0,3.0,1.0,1.0,1.0,4.0,1.0,1.0,0.0,0.0,2016.0,Iran Aseman Airlines
233,3.33,3.33,3.0,6.0,3.67,3.33,0.67,3.67,0.33,1.0,2020.0,Iraqi Airways
234,0.14,1.86,2.57,4.71,2.43,3.0,0.86,3.43,0.14,0.14,2015.57,Island Air
235,0.0,1.25,2.25,3.0,1.75,2.25,1.0,2.0,0.0,0.0,2018.25,Israir Airlines
236,0.0,0.0,0.0,1.0,0.0,0.0,1.0,1.0,0.0,0.0,2019.0,JC International Airlines
237,3.12,3.63,3.94,7.39,3.87,4.24,0.76,3.89,1.14,0.87,2017.93,Japan Airlines
238,0.5,0.77,1.43,1.73,1.43,1.67,0.83,1.47,0.33,0.47,2020.23,Jazeera Airways
239,1.25,3.5,4.75,8.0,3.5,4.5,1.0,3.75,1.0,0.25,2016.75,Jazz
240,0.43,0.62,2.1,3.52,2.0,2.67,0.86,2.19,0.24,0.33,2018.57,Jeju Air
241,1.42,2.24,2.27,3.82,2.29,2.67,0.77,2.47,0.39,0.68,2017.18,Jet Airways
242,0.24,2.16,3.48,6.17,3.05,3.5,0.99,3.44,0.26,0.18,2017.33,Jet2.com
243,0.5,1.17,2.17,2.67,2.0,2.0,0.83,3.17,0.5,0.5,2021.0,JetSmart
244,2.09,3.0,3.27,6.36,2.82,4.0,0.91,3.55,0.82,0.82,2015.64,Jetairfly
245,1.79,1.7,1.89,2.88,2.32,2.29,0.89,1.96,1.56,0.69,2019.78,Jetblue Airways
246,0.56,0.94,1.79,2.79,1.86,2.07,0.89,2.01,0.24,0.34,2018.68,Jetstar Airways
247,0.15,0.92,2.32,3.89,2.2,2.42,0.9,2.66,0.11,0.11,2017.96,Jetstar Asia
248,0.24,0.71,1.45,2.11,1.61,1.89,0.89,1.79,0.21,0.21,2018.37,Jetstar Japan
249,0.33,0.76,1.79,2.36,1.85,2.14,0.97,1.89,0.2,0.32,2017.2,Jetstar Pacific
250,0.0,5.0,5.0,10.0,5.0,5.0,1.0,5.0,0.0,0.0,2018.0,JetsuiteX
251,0.14,1.64,3.57,6.14,3.07,4.14,0.86,3.71,0.14,0.14,2017.86,Jin Air
252,2.55,1.91,2.64,3.36,2.18,2.91,0.73,2.36,1.0,0.82,2018.18,Joon
253,0.5,2.5,3.0,5.0,3.0,3.0,1.0,3.0,0.5,0.5,2019.5,Jordan Aviation
254,0.59,2.0,2.45,4.23,2.59,2.59,0.64,2.73,0.45,0.36,2018.59,Juneyao Airlines
255,0.0,0.0,1.0,1.0,0.0,0.0,1.0,1.0,0.0,0.0,2018.0,KD Air
256,1.92,2.7,2.84,5.18,2.98,3.39,0.8,2.91,0.58,0.63,2018.51,KLM Royal Dutch Airlines
257,1.0,3.0,2.0,3.0,2.0,3.0,1.0,2.0,0.0,1.0,2019.0,Kam Air
258,0.0,3.0,3.0,5.5,3.5,4.0,0.5,3.0,0.0,0.0,2016.0,Kan Air
259,1.93,2.24,2.31,4.04,2.72,2.89,0.73,2.52,0.37,0.76,2018.92,Kenya Airways
260,0.5,3.5,4.5,6.0,3.0,3.5,1.0,3.5,0.0,0.5,2015.0,Kish Airlines
261,3.13,3.52,3.62,6.76,3.78,3.96,0.82,3.68,0.44,0.91,2017.41,Korean Air
262,0.17,0.54,1.67,2.48,1.78,2.17,0.78,1.96,0.11,0.17,2019.15,Kulula
263,2.06,2.61,2.24,3.88,2.7,2.65,0.91,2.65,0.75,0.88,2017.49,Kuwait Airways
264,0.44,1.67,1.56,2.44,2.39,2.56,0.83,1.83,0.11,0.28,2016.5,LAM Mozambique
265,2.68,2.75,2.77,5.0,2.93,3.38,0.84,2.77,0.45,0.8,2015.59,LAN Airlines
266,2.4,2.6,3.2,6.2,3.8,4.0,1.0,4.4,1.2,0.6,2015.2,LAN Colombia
267,2.0,1.67,2.67,4.33,2.67,3.0,1.0,2.5,0.83,0.67,2016.17,LAN Peru
268,1.73,1.63,1.94,3.19,2.25,2.44,0.83,2.05,0.42,0.67,2018.89,LATAM Airlines
269,0.21,1.86,1.93,3.57,2.29,2.79,0.93,2.43,0.0,0.07,2016.93,LC Perú
270,0.06,0.62,1.77,2.7,2.15,2.17,0.89,1.72,0.06,0.06,2016.17,LIAT
271,1.16,2.07,2.34,3.87,2.62,2.57,0.77,2.46,0.39,0.52,2018.82,LOT Polish Airlines
272,2.69,3.18,3.13,5.96,3.53,3.51,0.64,3.62,1.11,0.87,2016.64,La Compagnie
273,0.0,2.75,3.5,7.0,2.75,3.25,1.0,3.5,0.0,0.0,2022.0,Lao Airlines
274,0.27,3.0,3.6,7.17,3.53,3.97,0.8,3.43,0.0,0.17,2016.8,Lao Skyway
275,0.32,0.76,2.12,3.09,2.35,2.26,0.94,2.5,0.18,0.26,2019.12,Laudamotion
276,1.45,0.99,1.78,2.8,2.04,1.99,0.96,2.09,0.54,0.51,2019.46,Level
277,3.5,4.0,4.0,7.0,3.5,3.5,1.0,4.0,2.5,1.0,2018.5,Libyan Airlines
278,0.21,0.38,1.94,3.08,1.95,2.13,0.84,2.26,0.15,0.16,2017.96,Lion Air
279,0.03,1.72,2.66,5.44,2.91,3.28,0.84,2.66,0.0,0.03,2019.78,Loganair
280,0.0,5.0,5.0,10.0,5.0,5.0,1.0,5.0,0.0,0.0,2021.0,Lubeck Air
281,0.0,0.0,1.0,1.0,0.0,0.0,1.0,1.0,0.0,0.0,2018.0,Lucky Air
282,1.82,2.57,2.77,5.0,2.86,3.19,0.76,2.82,0.85,0.57,2018.71,Lufthansa
283,0.97,2.78,2.61,5.19,2.94,2.97,0.78,2.67,0.44,0.56,2018.25,Luxair
284,0.31,0.35,2.14,3.53,2.07,2.23,0.91,2.32,0.3,0.27,2022.34,Lynx Air
285,0.0,0.0,3.0,1.0,3.0,4.0,0.0,4.0,0.0,0.0,2015.0,MAYAir
286,0.0,2.0,2.0,4.0,1.0,4.0,1.0,1.0,0.0,0.0,2017.0,MEGA Maldives Airlines
287,1.0,2.08,2.17,4.92,2.17,2.92,0.58,2.75,0.25,0.67,2017.75,MIAT Mongolian Airlines
288,0.0,0.0,5.0,9.0,4.0,3.0,1.0,5.0,0.0,0.0,2019.0,Mack Air
289,0.0,5.0,5.0,10.0,3.5,5.0,1.0,5.0,0.0,0.0,2016.5,Madagasikara Airways
290,2.17,4.42,4.42,8.33,4.42,4.25,0.67,4.67,0.08,0.83,2017.17,Mahan Air
291,0.0,2.67,2.25,3.83,2.42,3.25,0.67,2.42,0.0,0.0,2017.42,Malawian Airlines
292,2.37,2.58,2.83,5.13,2.97,3.18,0.81,3.12,0.3,0.8,2017.97,Malaysia Airlines
293,0.0,0.75,3.5,5.25,3.25,3.75,0.75,2.75,0.0,0.0,2017.25,Maldivian
294,1.35,1.57,2.09,3.68,2.46,2.39,0.89,2.47,0.41,0.58,2018.06,Malindo Air
295,0.0,3.25,3.0,7.5,4.0,4.5,1.0,4.5,0.0,0.0,2016.0,Mandarin Airlines
296,0.44,0.64,1.53,2.6,1.96,1.96,0.75,2.04,0.24,0.26,2018.43,Mango Airlines
297,0.0,3.5,2.5,8.0,3.5,4.0,1.0,2.5,0.0,0.0,2017.5,Mann Yadanarpon Airlines
298,0.0,5.0,4.0,9.0,5.0,5.0,1.0,3.0,0.0,0.0,2020.0,Manta Air
299,0.5,1.0,2.0,3.0,2.0,1.0,0.5,2.5,0.0,0.5,2018.5,Mauritania Airlines
300,0.0,0.0,1.0,1.0,1.5,1.0,1.0,1.0,0.0,0.0,2020.5,Maya Island Air
301,0.77,1.77,2.51,4.23,2.09,2.57,0.91,2.63,0.11,0.43,2016.03,Meridiana
302,2.7,3.18,2.82,5.24,3.21,3.17,0.88,3.05,0.62,0.8,2018.26,Middle East Airlines
303,0.17,1.5,2.5,4.83,2.67,2.67,0.83,3.5,0.17,0.17,2015.67,Mihin Lanka
304,0.0,0.0,2.0,1.5,1.5,1.0,1.0,2.0,0.0,0.0,2023.0,Mokulele Airlines
305,0.21,2.08,3.12,5.79,2.92,3.56,0.97,3.28,0.12,0.17,2015.82,Monarch Airlines
306,0.5,1.67,1.83,4.33,2.83,2.5,1.0,2.5,0.17,0.33,2016.67,Montenegro Airlines
307,0.0,2.33,3.67,6.33,2.67,3.67,1.0,4.0,0.0,0.0,2019.0,Motor Sich Airlines
308,0.83,3.67,4.17,8.33,3.83,4.67,0.83,4.0,0.83,0.5,2017.0,Myanmar Airways
309,1.36,3.82,3.64,8.27,4.27,4.55,0.91,3.82,0.91,0.36,2017.36,Myanmar National Airlines
310,0.15,1.38,2.85,4.15,2.08,2.54,0.77,2.54,0.15,0.15,2018.85,NAM Air
311,0.75,3.08,3.25,6.67,3.42,3.83,0.83,3.5,0.25,0.42,2016.25,NIKI
312,0.0,0.0,1.31,2.23,1.08,1.0,1.0,1.46,0.0,0.0,2017.69,Nature Air
313,0.5,4.0,4.5,9.0,4.5,5.0,0.5,4.0,0.0,0.5,2018.0,Nauru Airlines
314,1.36,3.39,3.07,5.86,3.39,3.68,0.79,3.54,0.43,0.75,2017.5,Nepal Airlines
315,0.0,4.0,3.0,8.0,3.0,4.0,0.0,5.0,0.0,0.0,2019.0,Nile Air
316,0.26,1.35,2.4,4.67,2.5,2.81,0.87,2.88,0.45,0.15,2018.22,Nok Air
317,0.0,1.0,3.0,4.5,2.0,2.0,1.0,3.0,0.0,0.0,2019.0,NokScoot
318,0.0,3.0,5.0,7.0,3.0,3.0,1.0,5.0,0.0,0.0,2019.0,NordStar
319,2.5,2.5,2.5,5.5,2.5,3.5,1.0,2.0,0.0,0.5,2019.0,Nordavia
320,0.0,2.0,4.0,6.0,3.0,3.0,1.0,3.0,0.0,0.0,2018.0,Nordic Regional Airlines
321,0.33,1.0,3.67,6.0,3.33,4.0,0.33,3.0,0.33,0.33,2018.0,Nordica
322,0.0,0.5,5.0,8.5,4.0,3.5,1.0,4.5,0.0,0.0,2019.5,Nordwind Airlines
323,2.08,2.21,2.58,4.83,3.54,3.71,0.88,3.0,0.62,0.75,2022.62,Norse Atlantic Airways
324,1.77,1.5,2.52,4.56,2.68,2.75,0.89,2.89,1.14,0.58,2017.41,Norwegian
325,0.38,1.25,2.0,2.25,1.5,1.38,1.0,2.0,0.38,0.38,2020.62,Nouvelair
326,0.5,3.0,2.0,4.0,3.0,3.5,1.0,3.0,0.5,0.5,2019.0,Novoair
327,0.63,2.5,2.89,5.32,3.08,3.63,0.87,3.08,0.21,0.18,2018.53,Olympic Air
328,2.48,2.61,2.61,5.04,2.97,2.87,0.9,3.1,0.64,0.73,2018.28,Oman Air
329,1.55,2.64,2.27,3.73,2.73,2.91,0.82,2.36,0.64,0.82,2018.91,Omni Air International
330,0.41,1.0,1.35,2.41,1.65,1.59,0.76,2.29,0.24,0.41,2017.0,Onur Air
331,1.64,2.0,2.21,2.64,2.36,3.07,0.79,1.57,0.21,0.86,2016.29,Openskies
332,0.0,3.0,5.0,9.0,4.0,4.0,1.0,5.0,0.0,0.0,2016.0,Orient Thai Airlines
333,0.0,1.5,3.0,5.0,3.5,3.5,1.0,2.5,0.0,0.0,2021.0,PAL Express
334,0.0,1.5,1.5,4.5,1.5,2.5,1.0,2.5,0.0,0.0,2016.0,PAWA Dominicana
335,0.29,1.68,3.13,5.68,2.94,3.63,0.96,3.22,0.27,0.24,2022.49,PLAY
336,0.36,0.64,1.91,3.18,2.55,2.55,0.91,2.09,0.36,0.36,2022.45,Pacific Airlines
337,0.86,2.35,2.35,3.88,2.34,2.72,0.86,2.58,0.35,0.6,2017.43,Pakistan Intl Airlines
338,0.0,1.0,1.0,1.0,1.0,1.0,0.0,1.0,0.0,0.0,2019.0,Pan Pacific Airlines
339,0.5,1.0,1.5,1.0,1.5,1.5,1.0,2.0,0.5,0.5,2015.5,Passaredo
340,0.0,1.0,2.0,3.0,2.0,2.0,0.67,2.67,0.0,0.0,2020.67,Passion Air
341,0.04,0.67,2.19,3.58,2.0,2.25,0.92,2.54,0.04,0.04,2017.62,Peach Aviation
342,0.42,1.07,1.86,2.94,1.85,2.02,0.92,2.14,0.25,0.36,2017.89,Pegasus Airlines
343,0.0,2.0,2.33,3.33,2.67,2.67,0.33,1.67,0.0,0.0,2017.0,PenAir
344,0.25,1.14,1.31,1.67,1.5,1.69,0.97,1.39,0.19,0.25,2016.86,Peruvian Airlines
345,0.0,5.0,3.5,5.5,3.0,2.5,1.0,4.0,0.0,0.0,2019.0,Petroleum Air Services
346,1.82,2.68,2.72,4.88,2.76,3.25,0.82,2.87,1.08,0.65,2018.61,Philippine Airlines
347,0.08,0.13,1.53,2.13,1.55,1.71,0.82,2.03,0.05,0.08,2018.66,Pobeda Airlines
348,0.32,2.01,1.96,2.91,2.27,2.59,0.76,1.95,0.28,0.24,2018.39,Porter Airlines
349,0.33,1.29,1.8,3.13,2.22,2.51,0.87,1.96,0.16,0.22,2017.71,Precision Air
350,0.57,0.57,2.0,2.57,2.0,1.57,1.0,2.71,0.14,0.29,2018.0,Primera Air
351,0.77,2.77,2.85,5.23,2.54,3.38,1.0,3.23,0.54,0.62,2018.62,Privilege Style
352,2.51,2.67,2.96,5.2,2.97,3.22,0.82,2.85,0.62,0.8,2018.17,Qantas Airways
353,0.33,3.02,3.67,6.21,3.37,3.79,0.9,3.12,0.12,0.12,2018.29,QantasLink
354,3.74,3.82,3.76,7.43,3.95,4.24,0.84,3.94,1.92,0.9,2018.48,Qatar Airways
355,0.0,2.5,4.0,9.0,3.5,5.0,0.5,5.0,0.0,0.0,2017.0,Qazaq Air
356,0.19,0.95,1.52,2.19,1.9,1.95,0.57,1.57,0.19,0.19,2019.14,Ravn Alaska
357,1.5,1.25,1.25,2.75,2.0,2.5,1.0,1.75,0.25,0.5,2020.5,Red Wings Airlines
358,0.28,2.22,2.61,4.28,2.83,2.72,0.94,3.11,0.0,0.17,2017.67,Regent Airways
359,0.16,3.07,3.71,7.69,3.4,4.04,0.69,3.87,0.04,0.11,2019.87,Regional Express
360,0.75,3.48,4.0,7.8,4.0,4.3,0.91,3.98,1.23,0.2,2022.16,Rex Airlines
361,0.0,5.0,5.0,10.0,4.0,5.0,0.0,5.0,0.0,0.0,2019.0,Rhein-Neckar Air
362,0.56,2.62,3.5,6.75,3.56,3.94,0.75,3.56,0.19,0.38,2017.94,Rossiya Airlines
363,1.58,2.45,2.41,4.56,2.9,2.92,0.84,2.75,0.53,0.55,2018.13,Royal Air Maroc
364,2.98,3.38,3.57,6.63,3.67,3.72,0.91,3.76,0.52,0.92,2017.2,Royal Brunei Airlines
365,1.9,2.08,2.03,3.3,2.54,2.36,0.86,2.24,0.48,0.84,2018.83,Royal Jordanian Airlines
366,1.49,2.54,2.32,4.22,2.8,3.07,0.67,2.61,0.64,0.75,2019.14,Rwandair
367,0.23,0.89,2.1,3.72,2.03,2.44,0.92,2.53,0.19,0.2,2018.16,Ryanair
368,0.63,2.93,3.12,6.05,3.37,3.42,0.81,3.63,0.35,0.3,2017.79,S7 Siberia Airlines
369,0.19,1.0,1.5,2.38,1.25,1.56,0.56,1.31,0.12,0.19,2018.31,SA Express
370,1.21,1.74,2.34,3.71,2.54,2.59,0.75,2.29,0.85,0.5,2018.44,SAS Scandinavian
371,0.7,1.85,2.1,3.52,2.32,2.52,0.93,2.34,0.43,0.53,2018.25,SATA Air Azores
372,0.77,1.98,2.02,2.82,1.95,2.23,0.93,1.95,0.25,0.56,2016.81,SATA International
373,0.0,0.0,3.0,5.0,2.5,2.5,1.0,3.0,0.0,0.0,2016.5,SATENA
374,0.0,3.0,3.0,7.0,3.0,3.5,1.0,4.75,0.0,0.0,2017.5,SCAT Airlines
375,0.0,0.0,4.0,6.0,3.0,4.0,1.0,3.0,0.0,0.0,2019.0,SVG Air
376,0.0,1.5,3.5,8.0,3.5,2.0,1.0,2.5,0.0,0.0,2017.0,Safarilink
377,0.0,0.5,1.0,1.0,1.0,1.5,0.5,1.0,0.5,0.0,2015.0,Safi Airways
378,0.33,0.17,1.33,2.5,1.17,1.5,1.0,2.17,0.33,0.33,2020.83,Salam Air
379,0.25,0.0,2.75,5.25,1.75,2.5,1.0,2.5,0.25,0.25,2018.5,Sansa Airlines
380,1.0,2.5,1.5,2.0,2.0,2.5,1.0,2.0,1.0,0.5,2015.5,Santa Barbara Airlines
381,1.95,2.42,2.19,4.23,2.85,2.77,0.83,2.59,0.97,0.81,2019.16,Saudi Arabian Airlines
382,0.4,1.1,2.39,3.86,2.24,2.45,0.92,2.57,0.45,0.29,2018.3,Scoot
383,0.0,0.13,1.4,1.8,1.2,1.87,0.87,1.33,0.0,0.0,2016.8,Seaborne Airlines
384,0.5,2.5,2.9,5.3,2.6,3.2,0.8,2.8,0.4,0.4,2020.2,SereneAir
385,0.14,4.29,3.0,7.14,3.57,4.43,0.86,4.14,0.43,0.14,2015.29,Shaheen Air
386,0.89,2.0,2.44,4.11,2.22,2.56,0.67,2.33,0.0,0.44,2017.44,Shandong Airlines
387,1.35,1.88,2.24,3.53,2.24,2.24,0.76,2.35,0.18,0.59,2017.18,Shanghai Airlines
388,1.14,1.9,2.19,3.57,2.52,2.86,0.52,2.71,0.33,0.71,2017.67,Shenzhen Airlines
389,1.5,2.11,2.54,4.43,2.57,2.79,0.82,2.89,0.25,0.75,2017.39,Sichuan Airlines
390,1.49,2.69,3.27,5.54,2.87,3.35,0.84,2.92,0.66,0.67,2017.27,SilkAir
391,0.25,0.51,1.4,1.96,1.44,1.66,0.84,1.5,0.23,0.23,2020.14,Silver Airways
392,3.51,3.42,3.77,6.81,3.64,3.87,0.84,3.53,1.07,0.9,2018.1,Singapore Airlines
393,0.26,1.24,1.74,2.84,1.71,2.03,0.95,2.13,0.21,0.26,2018.89,Sky Airline
394,0.26,1.07,2.07,3.19,2.25,2.46,0.88,2.09,0.22,0.25,2020.52,Sky Express Airlines
395,1.0,1.0,1.67,3.0,1.67,2.33,1.0,2.33,0.67,1.0,2021.0,SkyUp Airlines
396,0.0,0.75,3.75,6.5,3.25,3.75,0.75,3.25,0.0,0.0,2017.25,SkyWest Airlines
397,0.0,2.5,2.5,4.5,2.5,3.0,1.0,2.0,0.0,0.0,2017.0,SkyWork Airlines
398,0.0,0.0,1.0,3.0,3.0,1.0,1.0,3.0,0.0,0.0,2021.0,Skybus
399,0.25,1.0,3.5,7.0,3.75,4.0,0.75,4.0,0.25,0.25,2017.0,Skymark Airlines
400,0.0,2.5,3.0,4.5,3.0,5.0,1.0,2.0,0.0,0.0,2019.0,Skytrans Airlines
401,0.41,2.58,3.3,6.12,3.38,3.79,1.0,3.5,0.34,0.2,2015.8,Small Planet Airlines
402,0.08,1.42,1.92,2.92,1.58,2.58,1.0,1.83,0.08,0.08,2021.67,SmartLynx Airlines
403,0.69,1.54,2.24,3.82,2.15,2.35,0.83,2.38,0.36,0.38,2017.67,SmartWings
404,0.0,0.0,1.33,1.33,1.0,1.33,1.0,1.67,0.0,0.0,2021.0,Smartavia
405,1.0,3.25,3.25,5.5,3.5,3.5,1.0,2.75,0.25,0.5,2017.5,Solomon Airlines
406,0.0,1.0,3.0,1.0,2.0,2.0,1.0,1.0,0.0,0.0,2018.0,Somon Air
407,1.6,2.56,2.68,4.74,2.69,2.92,0.71,2.71,0.23,0.67,2017.19,South African Airways
408,1.08,1.65,2.23,3.63,2.26,2.64,0.83,2.36,1.19,0.48,2019.34,Southwest Airlines
409,0.58,1.35,2.21,3.69,2.25,2.47,0.84,2.31,0.49,0.32,2019.4,SpiceJet
410,0.37,0.62,1.52,2.09,1.43,1.78,0.91,1.59,0.36,0.33,2018.96,Spirit Airlines
411,0.29,1.19,2.26,3.1,1.42,2.35,0.9,2.42,0.23,0.29,2017.74,Spring Airlines
412,2.55,2.89,2.82,5.27,2.98,3.26,0.85,3.11,0.63,0.83,2018.23,SriLankan Airlines
413,0.2,1.73,2.31,4.02,2.38,2.58,0.8,2.76,0.18,0.13,2017.62,Sriwijaya Air
414,0.31,1.08,1.77,2.92,2.15,2.15,1.0,1.85,0.15,0.23,2017.77,Star Peru
415,4.0,4.5,5.0,10.0,5.0,5.0,1.0,5.0,2.5,1.0,2015.0,StarFlyer
416,0.71,1.27,1.82,2.6,1.89,2.17,0.94,1.86,0.56,0.46,2019.45,Sun Country Airlines
417,1.5,5.0,5.0,10.0,4.5,5.0,1.0,5.0,0.0,0.5,2015.5,Sun-Air
418,0.43,1.51,2.35,4.08,2.29,2.84,0.92,2.43,0.24,0.22,2019.8,SunExpress
419,1.07,1.47,1.84,2.78,1.8,2.36,0.99,2.0,0.39,0.62,2018.28,Sunwing Airlines
420,1.0,1.0,3.0,5.0,4.0,4.0,1.0,3.0,0.0,1.0,2017.0,Suparna Airlines
421,0.57,0.0,1.57,2.43,1.14,1.86,0.86,2.0,0.57,0.14,2022.14,Super Air Jet
422,0.56,1.56,1.78,2.22,2.0,2.11,0.89,1.89,0.22,0.33,2019.0,Surinam Airways
423,1.76,2.82,2.91,5.23,2.94,3.32,0.76,2.95,0.5,0.6,2018.44,Swiss Intl Air Lines
424,0.46,0.65,1.89,3.01,1.84,2.12,0.92,2.11,0.57,0.26,2019.97,Swoop
425,0.14,0.5,2.43,4.5,2.14,2.86,0.93,2.71,0.0,0.14,2020.21,T'Way Air
426,1.56,2.32,2.22,4.32,2.51,2.2,0.83,3.0,0.39,0.78,2019.0,TAAG Angola Airlines
427,2.0,3.5,3.5,4.5,3.5,4.0,0.5,1.5,0.5,1.0,2015.5,TACA Airlines
428,0.4,1.33,1.4,2.47,2.0,2.27,1.0,1.8,0.33,0.4,2018.07,TACV Cabo Verde Airlines
429,0.31,0.92,2.0,3.38,1.92,2.15,0.92,2.0,0.31,0.31,2020.08,TAG Airlines
430,1.95,2.36,2.59,4.7,2.75,2.82,0.84,2.73,0.2,0.8,2015.34,TAM Airlines
431,0.39,0.72,0.89,1.44,1.06,1.28,1.0,1.17,0.28,0.33,2018.11,TAME
432,1.04,1.8,1.96,3.31,2.23,2.42,0.83,2.14,0.47,0.48,2019.06,TAP Portugal
433,0.22,1.33,2.22,3.78,1.78,2.0,1.0,2.44,0.22,0.22,2018.78,TAR Aerolineas
434,0.64,2.65,2.7,5.1,2.87,3.07,0.8,2.93,0.49,0.36,2018.32,TAROM Romanian
435,1.18,2.28,2.73,5.48,2.93,3.49,0.99,3.12,0.24,0.46,2019.7,TUI Airways
436,1.17,1.77,2.66,4.03,2.34,2.77,0.97,2.74,0.46,0.57,2017.91,TUIfly
437,2.0,4.0,2.0,5.0,1.0,4.0,1.0,1.0,0.0,1.0,2016.0,TUIfly Nordic
438,0.0,4.0,5.0,9.5,4.5,5.0,0.5,5.0,0.0,0.0,2022.5,TUS Airways
439,0.0,1.33,2.67,4.67,2.67,2.33,0.67,3.0,0.0,0.0,2017.33,Tailwind Airlines
440,0.33,1.08,1.58,1.92,1.5,1.83,0.92,1.5,0.33,0.33,2017.58,Tame Línea Aérea Del Ecuador
441,0.18,1.33,2.83,5.14,2.73,3.18,0.93,3.22,0.09,0.1,2018.84,Thai AirAsia
442,2.69,3.2,3.37,6.2,3.42,3.51,0.82,3.4,0.62,0.83,2017.86,Thai Airways
443,0.35,0.95,1.87,2.95,1.9,2.05,0.91,2.08,0.26,0.29,2018.58,Thai Lion Air
444,0.92,3.16,3.86,7.32,3.89,4.15,0.77,3.95,0.22,0.33,2020.52,Thai Smile Airways
445,1.87,2.35,2.76,4.77,2.6,3.04,0.97,2.86,0.32,0.76,2016.31,Thomas Cook Airlines
446,3.0,4.5,3.5,8.0,3.5,4.0,1.0,4.5,0.0,1.0,2016.0,Thomas Cook Airlines Belgium
447,2.5,2.5,2.5,4.5,3.0,3.0,1.0,2.5,0.0,1.0,2016.0,Thomas Cook Airlines Scandinavia
448,1.65,2.47,3.03,5.49,2.84,3.3,0.99,3.09,0.32,0.64,2015.66,Thomson Airways
449,1.92,2.92,3.17,6.33,3.17,4.08,0.92,3.92,0.08,0.83,2017.25,Tianjin Airlines
450,3.0,3.0,4.0,8.0,4.0,4.0,1.0,4.0,0.0,1.0,2015.0,Tibet Airlines
451,0.26,0.74,2.56,4.79,2.47,2.72,0.9,2.86,0.13,0.2,2016.58,Tigerair
452,0.17,0.5,1.63,2.4,1.54,1.75,0.92,1.82,0.16,0.16,2018.37,Tigerair Australia
453,0.43,1.29,2.14,3.71,2.43,2.86,1.0,2.57,0.0,0.14,2016.71,Tigerair Taiwan
454,0.83,2.63,3.57,7.27,3.67,3.93,1.0,3.7,0.73,0.3,2018.8,Titan Airways
455,0.5,1.33,1.17,2.5,2.0,1.67,1.0,2.0,0.0,0.5,2015.0,Transaero Airlines
456,0.36,1.03,2.02,3.62,2.05,2.38,0.93,2.43,0.18,0.24,2018.62,Transavia
457,0.0,2.5,4.5,7.5,3.5,3.5,0.5,3.5,0.0,0.0,2018.5,Trigana Air
458,0.0,0.33,3.67,6.33,3.33,3.33,1.0,3.0,0.0,0.0,2020.0,Tropic Air Belize
459,0.88,2.03,2.15,3.58,2.73,2.55,0.73,2.48,0.45,0.52,2017.48,Tunisair
460,2.44,2.66,2.12,4.03,2.6,2.72,0.81,2.58,0.94,0.79,2018.45,Turkish Airlines
461,0.57,1.71,1.71,3.0,2.14,1.71,0.71,2.0,0.36,0.57,2017.0,Turkmenistan Airlines
462,1.33,1.33,2.33,4.0,2.33,2.33,1.0,2.33,0.33,0.67,2016.33,UP by El Al
463,0.77,1.31,1.77,2.66,2.14,2.28,0.82,1.8,0.52,0.42,2014.99,US Airways
464,0.0,3.0,3.33,5.5,3.17,3.5,1.0,3.5,0.0,0.0,2018.33,US-Bangla Airlines
465,0.33,1.67,2.33,4.33,3.67,3.33,0.67,2.33,0.33,0.33,2021.33,Uganda Airlines
466,0.71,1.4,1.95,3.17,2.1,2.31,0.86,2.35,0.38,0.51,2017.77,Ukraine International
467,0.33,0.33,3.67,6.33,3.67,3.0,1.0,3.67,0.33,0.33,2022.33,Ultra Air
468,1.4,1.47,1.89,2.72,2.0,2.28,0.8,1.84,0.98,0.65,2018.68,United Airlines
469,0.06,1.88,2.44,4.25,2.69,3.31,0.88,2.88,0.06,0.06,2018.0,Ural Airlines
470,0.0,1.0,2.5,2.0,3.0,2.5,1.0,3.5,0.0,0.0,2017.0,Utair Aviation
471,1.39,2.39,2.29,3.9,2.55,2.29,0.84,2.94,0.23,0.77,2018.39,Uzbekistan Airways
472,0.43,2.57,2.71,4.86,2.71,3.43,1.0,3.0,0.0,0.14,2015.71,V Air
473,0.0,3.33,3.83,7.67,3.33,4.0,0.67,3.5,0.0,0.0,2015.67,VLM Airlines
474,0.15,0.69,2.69,4.85,2.31,3.08,0.92,3.15,0.08,0.15,2017.38,Vanilla Air
475,0.27,0.55,1.55,1.73,1.45,1.64,1.0,1.36,0.27,0.09,2018.55,ViaAir
476,0.35,0.85,1.75,2.57,1.94,2.04,0.89,1.98,0.31,0.29,2019.19,VietJet Air
477,1.64,2.55,3.03,5.53,3.3,3.15,0.8,3.36,0.25,0.68,2017.45,Vietnam Airlines
478,2.48,2.17,2.73,4.6,2.96,2.76,0.83,2.76,1.36,0.75,2016.51,Virgin America
479,2.88,2.79,3.24,5.2,2.8,3.39,0.9,2.91,0.92,0.89,2017.24,Virgin Atlantic
480,1.42,2.1,2.7,4.45,2.63,2.97,0.79,2.53,0.87,0.59,2018.54,Virgin Australia
481,1.82,3.71,3.79,7.37,3.91,4.08,0.77,3.82,1.2,0.51,2019.3,Vistara
482,0.29,0.5,0.91,1.2,1.09,1.19,0.96,1.19,0.29,0.29,2020.41,Viva Air
483,0.34,0.67,1.35,1.83,1.31,1.51,0.93,1.59,0.42,0.32,2020.96,VivaAerobús
484,0.43,0.64,1.19,1.62,1.45,1.36,0.87,1.47,0.36,0.38,2017.83,VivaColombia
485,0.34,0.59,1.24,1.66,1.24,1.4,0.93,1.44,0.32,0.31,2019.78,Volaris
486,0.68,0.99,2.76,5.17,2.88,3.04,0.96,3.05,0.56,0.25,2019.85,Volotea
487,0.0,0.0,0.0,1.0,0.0,0.0,1.0,1.0,0.0,0.0,2021.0,Voyage Air
488,0.24,0.72,1.63,2.51,1.73,1.88,0.87,1.82,0.2,0.21,2017.53,Vueling Airlines
489,0.43,0.77,1.84,2.77,1.9,2.25,0.93,2.03,0.37,0.38,2017.13,WOW air
490,1.73,2.0,3.0,3.67,1.87,2.47,0.93,2.4,0.4,1.0,2018.2,Wamos Air
491,1.12,1.45,2.1,3.41,2.25,2.57,0.88,2.15,0.82,0.51,2019.24,WestJet Airlines
492,0.27,0.67,1.27,1.73,1.8,2.07,1.0,1.4,0.33,0.27,2020.53,Wideroe
493,0.0,0.0,1.33,2.0,1.33,1.17,0.67,1.17,0.0,0.0,2020.17,Winair
494,0.2,0.55,1.4,2.0,1.35,1.45,0.85,1.5,0.1,0.2,2020.85,Wingo
495,0.1,0.1,2.1,3.45,2.45,2.25,0.95,2.1,0.1,0.1,2018.6,Wings Air
496,0.34,0.85,1.63,2.61,1.75,2.03,0.92,1.95,0.25,0.3,2018.99,Wizz Air
497,1.67,1.67,0.67,1.0,1.33,1.33,0.67,1.67,0.33,0.67,2021.67,World2Fly
498,1.56,2.24,2.38,3.76,1.93,2.84,0.96,2.69,0.62,0.76,2016.64,XL Airways France
499,1.94,2.65,2.57,4.94,2.93,3.02,0.77,3.02,0.39,0.74,2017.64,Xiamen Airlines
500,0.0,3.0,3.0,5.5,3.0,3.0,1.0,3.0,0.0,0.0,2017.0,Yakutia Airlines
501,0.0,3.0,2.0,8.0,4.0,2.0,1.0,4.0,0.0,0.0,2017.0,Yangon Airways
502,0.0,1.2,2.8,4.4,2.6,2.8,0.8,3.0,0.0,0.0,2019.2,Yeti Airlines
503,0.72,1.39,2.0,3.75,2.28,2.61,0.89,2.44,1.53,0.33,2022.39,ZIPAIR
504,0.0,1.0,3.0,7.0,2.0,4.0,0.0,5.0,0.0,0.0,2022.0,Zambia Airways
505,0.3,1.43,2.23,3.77,2.63,2.7,0.8,2.32,0.22,0.24,2018.19,airBaltic
506,0.45,1.77,2.36,4.09,2.36,2.55,0.91,2.36,0.45,0.45,2019.59,airblue
507,0.25,1.7,2.1,3.08,2.58,2.75,0.48,2.0,0.15,0.12,2017.15,bmi Regional
508,0.19,1.17,2.3,4.29,2.45,2.81,0.89,2.74,0.15,0.15,2018.13,easyJet
509,1.33,2.0,1.67,2.13,1.4,1.93,0.93,1.47,0.67,0.87,2018.2,euroAtlantic Airways
510,0.27,1.03,2.15,3.7,2.55,2.48,0.88,2.27,0.15,0.21,2017.21,fastjet
511,0.21,0.68,1.26,1.89,1.26,1.32,0.74,1.74,0.21,0.21,2020.26,flyadeal
512,0.0,2.25,3.5,5.75,2.5,3.25,1.0,3.25,0.0,0.0,2022.0,flybe
513,1.0,1.38,1.86,3.07,2.09,2.27,0.84,2.09,0.54,0.6,2019.29,flydubai
